{
	"name": "stream-dl",
	"title": "stream-dl",
	"description": "",
	"version": "0.1.0",
	"author": "Arne Link",
	"scripts": [],
	"esmodules": ["stream-dl.js"],
	"styles": [],
	"packs": [],
	"languages": [],
	"minimumCoreVersion": "0.6.0",
	"compatibleCoreVersion": "0.6.0",
	"url": "https://github.com/Codas/foundry-stream-dl",
	"manifest": "https://raw.githubusercontent.com/Codas/foundry-stream-dl/master/src/module.json",
	"download": "https://raw.githubusercontent.com/Codas/foundry-stream-dl/v0.1.0/package/stream-dl-v0.1.0.zip",
	"license": "MIT",
	"readme": "",
	"bugs": "",
	"changelog": ""
}